device_uid,timestamp,event_type,sensor_data,user_id
351077454554331,1782925200,data.qo,"{""tE"":{""N"":""90.68""},""hL"":{""N"":""65.6""},""wL"":{""N"":""64.31003""},""tL"":{""N"":""97.7""},""hR"":{""N"":""61.1""},""wR"":{""N"":""35.00576""},""hE"":{""N"":""95.2""},""tR"":{""N"":""95""}}",b4d80488-e0a1-70d1-9d19-5ad55712624e
351077454554331,1782928800,data.qo,"{""tE"":{""N"":""93.92""},""hL"":{""N"":""64.8""},""wL"":{""N"":""65.15903""},""tL"":{""N"":""97.7""},""hR"":{""N"":""55.1""},""wR"":{""N"":""35.355476""},""hE"":{""N"":""87.2""},""tR"":{""N"":""95.36""}}",b4d80488-e0a1-70d1-9d19-5ad55712624e
351077454554331,1782932400,data.qo,"{""tE"":{""N"":""93.2""},""hL"":{""N"":""65.1""},""wL"":{""N"":""65.758896""},""tL"":{""N"":""97.88""},""hR"":{""N"":""59.9""},""wR"":{""N"":""35.648846""},""hE"":{""N"":""93.6""},""tR"":{""N"":""95""}}",b4d80488-e0a1-70d1-9d19-5ad55712624e
351077454554331,1782936000,data.qo,"{""tE"":{""N"":""93.92""},""hL"":{""N"":""65.8""},""wL"":{""N"":""66.051956""},""tL"":{""N"":""97.34""},""hR"":{""N"":""59.6""},""wR"":{""N"":""35.967255""},""hE"":{""N"":""88.6""},""tR"":{""N"":""94.64""}}",b4d80488-e0a1-70d1-9d19-5ad55712624e
351077454554331,1782939600,data.qo,"{""tE"":{""N"":""97.88""},""hL"":{""N"":""65.7""},""wL"":{""N"":""66.4779""},""tL"":{""N"":""97.7""},""hR"":{""N"":""55.6""},""wR"":{""N"":""36.057""},""hE"":{""N"":""85.2""},""tR"":{""N"":""95""}}",b4d80488-e0a1-70d1-9d19-5ad55712624e
351077454554331,1782943200,data.qo,"{""tE"":{""N"":""87.26""},""hL"":{""N"":""65.3""},""wL"":{""N"":""67.092384""},""tL"":{""N"":""97.34""},""hR"":{""N"":""57.8""},""wR"":{""N"":""36.198246""},""hE"":{""N"":""91""},""tR"":{""N"":""95""}}",b4d80488-e0a1-70d1-9d19-5ad55712624e
351077454554331,1782946800,data.qo,"{""tE"":{""N"":""85.64""},""hL"":{""N"":""65.6""},""wL"":{""N"":""67.635605""},""tL"":{""N"":""97.16""},""hR"":{""N"":""59.5""},""wR"":{""N"":""36.362198""},""hE"":{""N"":""94""},""tR"":{""N"":""94.46""}}",b4d80488-e0a1-70d1-9d19-5ad55712624e
351077454554331,1782950400,data.qo,"{""tE"":{""N"":""84.56""},""hL"":{""N"":""66.1""},""wL"":{""N"":""68.07052""},""tL"":{""N"":""96.08""},""hR"":{""N"":""60.9""},""wR"":{""N"":""36.53366""},""hE"":{""N"":""94.2""},""tR"":{""N"":""94.64""}}",b4d80488-e0a1-70d1-9d19-5ad55712624e
351077454554331,1782954000,data.qo,"{""tE"":{""N"":""81.68""},""hL"":{""N"":""65.7""},""wL"":{""N"":""68.340515""},""tL"":{""N"":""96.08""},""hR"":{""N"":""61.6""},""wR"":{""N"":""36.670963""},""hE"":{""N"":""95.5""},""tR"":{""N"":""94.64""}}",b4d80488-e0a1-70d1-9d19-5ad55712624e
351077454554331,1782957600,data.qo,"{""tE"":{""N"":""78.8""},""hL"":{""N"":""64.7""},""wL"":{""N"":""68.26802""},""tL"":{""N"":""95.9""},""hR"":{""N"":""62""},""wR"":{""N"":""36.54625""},""hE"":{""N"":""95.3""},""tR"":{""N"":""94.28""}}",b4d80488-e0a1-70d1-9d19-5ad55712624e
351077454554331,1782961200,data.qo,"{""tE"":{""N"":""76.64""},""hL"":{""N"":""65.7""},""wL"":{""N"":""68.20487""},""tL"":{""N"":""95.72""},""hR"":{""N"":""63""},""wR"":{""N"":""36.491234""},""hE"":{""N"":""95.6""},""tR"":{""N"":""94.46""}}",b4d80488-e0a1-70d1-9d19-5ad55712624e
351077454554331,1782964800,data.qo,"{""tE"":{""N"":""74.84""},""hL"":{""N"":""66.1""},""wL"":{""N"":""68.16379""},""tL"":{""N"":""95.54""},""hR"":{""N"":""63.2""},""wR"":{""N"":""36.462585""},""hE"":{""N"":""95.5""},""tR"":{""N"":""94.46""}}",b4d80488-e0a1-70d1-9d19-5ad55712624e
351077454554331,1782968400,data.qo,"{""tE"":{""N"":""73.4""},""hL"":{""N"":""64.8""},""wL"":{""N"":""68.06596""},""tL"":{""N"":""95.36""},""hR"":{""N"":""60.4""},""wR"":{""N"":""36.402344""},""hE"":{""N"":""95.4""},""tR"":{""N"":""94.28""}}",b4d80488-e0a1-70d1-9d19-5ad55712624e
351077454554331,1782972000,data.qo,"{""tE"":{""N"":""72.14""},""hL"":{""N"":""64.5""},""wL"":{""N"":""67.95305""},""tL"":{""N"":""95.36""},""hR"":{""N"":""62""},""wR"":{""N"":""36.35602""},""hE"":{""N"":""95.3""},""tR"":{""N"":""94.46""}}",b4d80488-e0a1-70d1-9d19-5ad55712624e
351077454554331,1782975600,data.qo,"{""tE"":{""N"":""71.06""},""hL"":{""N"":""64""},""wL"":{""N"":""67.82908""},""tL"":{""N"":""95.36""},""hR"":{""N"":""63""},""wR"":{""N"":""36.310368""},""hE"":{""N"":""95.4""},""tR"":{""N"":""93.92""}}",b4d80488-e0a1-70d1-9d19-5ad55712624e
351077454554331,1782979200,data.qo,"{""tE"":{""N"":""70.34""},""hL"":{""N"":""63""},""wL"":{""N"":""67.72067""},""tL"":{""N"":""95.36""},""hR"":{""N"":""60""},""wR"":{""N"":""36.25768""},""hE"":{""N"":""95.2""},""tR"":{""N"":""94.46""}}",b4d80488-e0a1-70d1-9d19-5ad55712624e
351077454554331,1782982800,data.qo,"{""tE"":{""N"":""69.26""},""hL"":{""N"":""63.5""},""wL"":{""N"":""67.578674""},""tL"":{""N"":""95.18""},""hR"":{""N"":""59.7""},""wR"":{""N"":""36.202282""},""hE"":{""N"":""95.2""},""tR"":{""N"":""94.28""}}",b4d80488-e0a1-70d1-9d19-5ad55712624e
351077454554331,1782986400,data.qo,"{""tE"":{""N"":""68.72""},""hL"":{""N"":""63.5""},""wL"":{""N"":""67.45741""},""tL"":{""N"":""95.18""},""hR"":{""N"":""57.2""},""wR"":{""N"":""36.132587""},""hE"":{""N"":""94.9""},""tR"":{""N"":""94.1""}}",b4d80488-e0a1-70d1-9d19-5ad55712624e
351077454554331,1782990000,data.qo,"{""tE"":{""N"":""68""},""hL"":{""N"":""59.9""},""wL"":{""N"":""67.290504""},""tL"":{""N"":""95.18""},""hR"":{""N"":""52.8""},""wR"":{""N"":""36.050777""},""hE"":{""N"":""95.3""},""tR"":{""N"":""93.92""}}",b4d80488-e0a1-70d1-9d19-5ad55712624e
351077454554331,1782993600,data.qo,"{""tE"":{""N"":""69.08""},""hL"":{""N"":""60.5""},""wL"":{""N"":""67.036354""},""tL"":{""N"":""95.54""},""hR"":{""N"":""58.3""},""wR"":{""N"":""35.911194""},""hE"":{""N"":""95.5""},""tR"":{""N"":""94.28""}}",b4d80488-e0a1-70d1-9d19-5ad55712624e
351077454554331,1782997200,data.qo,"{""tE"":{""N"":""69.8""},""hL"":{""N"":""60.2""},""wL"":{""N"":""66.856544""},""tL"":{""N"":""95.36""},""hR"":{""N"":""59.6""},""wR"":{""N"":""35.747143""},""hE"":{""N"":""95""},""tR"":{""N"":""94.28""}}",b4d80488-e0a1-70d1-9d19-5ad55712624e
351077454554331,1783000800,data.qo,"{""tE"":{""N"":""72.14""},""hL"":{""N"":""60.3""},""wL"":{""N"":""66.69011""},""tL"":{""N"":""96.08""},""hR"":{""N"":""59.2""},""wR"":{""N"":""35.552734""},""hE"":{""N"":""96.1""},""tR"":{""N"":""94.1""}}",b4d80488-e0a1-70d1-9d19-5ad55712624e
351077454554331,1783004400,data.qo,"{""tE"":{""N"":""75.56""},""hL"":{""N"":""61.8""},""wL"":{""N"":""66.86973""},""tL"":{""N"":""96.26""},""hR"":{""N"":""60.7""},""wR"":{""N"":""35.600338""},""hE"":{""N"":""96.8""},""tR"":{""N"":""94.64""}}",b4d80488-e0a1-70d1-9d19-5ad55712624e
351077454554331,1783008000,data.qo,"{""tE"":{""N"":""79.52""},""hL"":{""N"":""62.6""},""wL"":{""N"":""67.24059""},""tL"":{""N"":""96.8""},""hR"":{""N"":""60.5""},""wR"":{""N"":""35.871616""},""hE"":{""N"":""95.3""},""tR"":{""N"":""95""}}",b4d80488-e0a1-70d1-9d19-5ad55712624e
351077454554331,1783011600,data.qo,"{""tE"":{""N"":""90.5""},""hL"":{""N"":""62.3""},""wL"":{""N"":""67.68272""},""tL"":{""N"":""97.7""},""hR"":{""N"":""51.8""},""wR"":{""N"":""36.504253""},""hE"":{""N"":""94.3""},""tR"":{""N"":""94.28""}}",b4d80488-e0a1-70d1-9d19-5ad55712624e
351077454554331,1783015200,data.qo,"{""tE"":{""N"":""99.14""},""hL"":{""N"":""62.6""},""wL"":{""N"":""68.16013""},""tL"":{""N"":""98.06""},""hR"":{""N"":""56.6""},""wR"":{""N"":""36.837814""},""hE"":{""N"":""82.1""},""tR"":{""N"":""95""}}",b4d80488-e0a1-70d1-9d19-5ad55712624e
351077454554331,1783018800,data.qo,"{""tE"":{""N"":""93.56""},""hL"":{""N"":""61""},""wL"":{""N"":""68.47131""},""tL"":{""N"":""97.7""},""hR"":{""N"":""54.4""},""wR"":{""N"":""37.042107""},""hE"":{""N"":""89.2""},""tR"":{""N"":""94.82""}}",b4d80488-e0a1-70d1-9d19-5ad55712624e
351077454554331,1783022400,data.qo,"{""tE"":{""N"":""94.1""},""hL"":{""N"":""59.5""},""wL"":{""N"":""68.60231""},""tL"":{""N"":""96.98""},""hR"":{""N"":""52.9""},""wR"":{""N"":""37.302933""},""hE"":{""N"":""85.8""},""tR"":{""N"":""94.28""}}",b4d80488-e0a1-70d1-9d19-5ad55712624e
351077454554331,1783026000,data.qo,"{""tE"":{""N"":""97.52""},""hL"":{""N"":""60.4""},""wL"":{""N"":""68.773766""},""tL"":{""N"":""97.52""},""hR"":{""N"":""53.3""},""wR"":{""N"":""37.35562""},""hE"":{""N"":""82.4""},""tR"":{""N"":""95.18""}}",b4d80488-e0a1-70d1-9d19-5ad55712624e
351077454554331,1783029600,data.qo,"{""tE"":{""N"":""86.54""},""hL"":{""N"":""61.6""},""wL"":{""N"":""69.20493""},""tL"":{""N"":""97.34""},""hR"":{""N"":""57.5""},""wR"":{""N"":""37.493637""},""hE"":{""N"":""87.2""},""tR"":{""N"":""95""}}",b4d80488-e0a1-70d1-9d19-5ad55712624e
351077454554331,1783033200,data.qo,"{""tE"":{""N"":""83.84""},""hL"":{""N"":""61.6""},""wL"":{""N"":""69.743835""},""tL"":{""N"":""97.34""},""hR"":{""N"":""57.8""},""wR"":{""N"":""37.625996""},""hE"":{""N"":""89.8""},""tR"":{""N"":""94.82""}}",b4d80488-e0a1-70d1-9d19-5ad55712624e
351077454554331,1783036800,data.qo,"{""tE"":{""N"":""82.4""},""hL"":{""N"":""60.2""},""wL"":{""N"":""70.08989""},""tL"":{""N"":""95.72""},""hR"":{""N"":""61.3""},""wR"":{""N"":""37.74743""},""hE"":{""N"":""92.8""},""tR"":{""N"":""94.82""}}",b4d80488-e0a1-70d1-9d19-5ad55712624e
351077454554331,1783040400,data.qo,"{""tE"":{""N"":""79.7""},""hL"":{""N"":""60""},""wL"":{""N"":""70.40581""},""tL"":{""N"":""95.72""},""hR"":{""N"":""57.1""},""wR"":{""N"":""37.846012""},""hE"":{""N"":""93.6""},""tR"":{""N"":""94.28""}}",b4d80488-e0a1-70d1-9d19-5ad55712624e
351077454554331,1783044000,data.qo,"{""tE"":{""N"":""78.44""},""hL"":{""N"":""61.8""},""wL"":{""N"":""70.38688""},""tL"":{""N"":""95.54""},""hR"":{""N"":""60""},""wR"":{""N"":""37.758785""},""hE"":{""N"":""93.9""},""tR"":{""N"":""94.1""}}",b4d80488-e0a1-70d1-9d19-5ad55712624e
351077454554331,1783047600,data.qo,"{""tE"":{""N"":""75.92""},""hL"":{""N"":""64""},""wL"":{""N"":""70.307175""},""tL"":{""N"":""95.72""},""hR"":{""N"":""62.4""},""wR"":{""N"":""37.69479""},""hE"":{""N"":""93.8""},""tR"":{""N"":""93.92""}}",b4d80488-e0a1-70d1-9d19-5ad55712624e
351077454554331,1783051200,data.qo,"{""tE"":{""N"":""73.76""},""hL"":{""N"":""61.4""},""wL"":{""N"":""70.21964""},""tL"":{""N"":""95.36""},""hR"":{""N"":""62.4""},""wR"":{""N"":""37.641724""},""hE"":{""N"":""93.6""},""tR"":{""N"":""94.1""}}",b4d80488-e0a1-70d1-9d19-5ad55712624e
351077454554331,1783054740,data.qo,"{""tE"":{""N"":""71.6""},""hL"":{""N"":""63.2""},""wL"":{""N"":""70.154976""},""tL"":{""N"":""95.18""},""hR"":{""N"":""58.5""},""wR"":{""N"":""37.56922""},""hE"":{""N"":""93.4""},""tR"":{""N"":""93.92""}}",b4d80488-e0a1-70d1-9d19-5ad55712624e
351077454554331,1783058400,data.qo,"{""tE"":{""N"":""69.98""},""hL"":{""N"":""60""},""wL"":{""N"":""70.065834""},""tL"":{""N"":""95.36""},""hR"":{""N"":""58.9""},""wR"":{""N"":""37.524136""},""hE"":{""N"":""93.3""},""tR"":{""N"":""93.92""}}",b4d80488-e0a1-70d1-9d19-5ad55712624e
351077454554331,1783062000,data.qo,"{""tE"":{""N"":""68.9""},""hL"":{""N"":""59.3""},""wL"":{""N"":""69.9607""},""tL"":{""N"":""95.18""},""hR"":{""N"":""56.2""},""wR"":{""N"":""37.46945""},""hE"":{""N"":""93""},""tR"":{""N"":""93.56""}}",b4d80488-e0a1-70d1-9d19-5ad55712624e
351077454554331,1783065600,data.qo,"{""tE"":{""N"":""68.9""},""hL"":{""N"":""58.9""},""wL"":{""N"":""69.85818""},""tL"":{""N"":""95.18""},""hR"":{""N"":""56.2""},""wR"":{""N"":""37.395245""},""hE"":{""N"":""93""},""tR"":{""N"":""93.56""}}",b4d80488-e0a1-70d1-9d19-5ad55712624e
351077454554331,1783069200,data.qo,"{""tE"":{""N"":""68.9""},""hL"":{""N"":""58.5""},""wL"":{""N"":""69.77069""},""tL"":{""N"":""95.18""},""hR"":{""N"":""59.2""},""wR"":{""N"":""37.34004""},""hE"":{""N"":""93""},""tR"":{""N"":""93.92""}}",b4d80488-e0a1-70d1-9d19-5ad55712624e
351077454554331,1783072800,data.qo,"{""tE"":{""N"":""66.92""},""hL"":{""N"":""58.5""},""wL"":{""N"":""69.67803""},""tL"":{""N"":""95""},""hR"":{""N"":""60.5""},""wR"":{""N"":""37.29538""},""hE"":{""N"":""93""},""tR"":{""N"":""93.92""}}",b4d80488-e0a1-70d1-9d19-5ad55712624e
351077454554331,1783076400,data.qo,"{""tE"":{""N"":""66.2""},""hL"":{""N"":""58.5""},""wL"":{""N"":""69.52337""},""tL"":{""N"":""95""},""hR"":{""N"":""60.5""},""wR"":{""N"":""37.160454""},""hE"":{""N"":""92.8""},""tR"":{""N"":""93.92""}}",b4d80488-e0a1-70d1-9d19-5ad55712624e
351077454554331,1783080000,data.qo,"{""tE"":{""N"":""66.92""},""hL"":{""N"":""56""},""wL"":{""N"":""69.32652""},""tL"":{""N"":""95""},""hR"":{""N"":""58.6""},""wR"":{""N"":""37.04586""},""hE"":{""N"":""93.4""},""tR"":{""N"":""93.92""}}",b4d80488-e0a1-70d1-9d19-5ad55712624e
351077454554331,1783083600,data.qo,"{""tE"":{""N"":""68.72""},""hL"":{""N"":""56.7""},""wL"":{""N"":""69.10838""},""tL"":{""N"":""95""},""hR"":{""N"":""55.7""},""wR"":{""N"":""37.002247""},""hE"":{""N"":""93.6""},""tR"":{""N"":""93.92""}}",b4d80488-e0a1-70d1-9d19-5ad55712624e
351077454554331,1783087200,data.qo,"{""tE"":{""N"":""71.78""},""hL"":{""N"":""58.7""},""wL"":{""N"":""69.095955""},""tL"":{""N"":""95.36""},""hR"":{""N"":""59.7""},""wR"":{""N"":""36.905373""},""hE"":{""N"":""93.7""},""tR"":{""N"":""94.64""}}",b4d80488-e0a1-70d1-9d19-5ad55712624e
351077454554331,1783090800,data.qo,"{""tE"":{""N"":""75.2""},""hL"":{""N"":""59.7""},""wL"":{""N"":""69.35556""},""tL"":{""N"":""96.26""},""hR"":{""N"":""58.2""},""wR"":{""N"":""37.065434""},""hE"":{""N"":""94.5""},""tR"":{""N"":""94.64""}}",b4d80488-e0a1-70d1-9d19-5ad55712624e
351077454554331,1783094400,data.qo,"{""tE"":{""N"":""78.8""},""hL"":{""N"":""59.3""},""wL"":{""N"":""69.85177""},""tL"":{""N"":""96.62""},""hR"":{""N"":""58""},""wR"":{""N"":""37.36921""},""hE"":{""N"":""94""},""tR"":{""N"":""94.28""}}",b4d80488-e0a1-70d1-9d19-5ad55712624e
351077454554331,1783098000,data.qo,"{""tE"":{""N"":""91.58""},""hL"":{""N"":""56.9""},""wL"":{""N"":""70.27202""},""tL"":{""N"":""97.7""},""hR"":{""N"":""57.3""},""wR"":{""N"":""37.8815""},""hE"":{""N"":""87.3""},""tR"":{""N"":""94.46""}}",b4d80488-e0a1-70d1-9d19-5ad55712624e
351077454554331,1783101600,data.qo,"{""tE"":{""N"":""99.5""},""hL"":{""N"":""59.7""},""wL"":{""N"":""70.63102""},""tL"":{""N"":""98.06""},""hR"":{""N"":""58.6""},""wR"":{""N"":""38.182472""},""hE"":{""N"":""81""},""tR"":{""N"":""95.18""}}",b4d80488-e0a1-70d1-9d19-5ad55712624e
351077454554331,1783108800,data.qo,"{""tE"":{""N"":""96.8""},""hL"":{""N"":""59.7""},""wL"":{""N"":""76.76865""},""tL"":{""N"":""97.88""},""hR"":{""N"":""55.2""},""wR"":{""N"":""43.31054""},""hE"":{""N"":""82.9""},""tR"":{""N"":""94.64""}}",b4d80488-e0a1-70d1-9d19-5ad55712624e
351077454554331,1783112400,data.qo,"{""tE"":{""N"":""98.06""},""hL"":{""N"":""59.6""},""wL"":{""N"":""76.575035""},""tL"":{""N"":""97.34""},""hR"":{""N"":""62.3""},""wR"":{""N"":""43.26289""},""hE"":{""N"":""75.4""},""tR"":{""N"":""96.8""}}",b4d80488-e0a1-70d1-9d19-5ad55712624e
351077454554331,1783116000,data.qo,"{""tE"":{""N"":""88.52""},""hL"":{""N"":""59.2""},""wL"":{""N"":""76.8196""},""tL"":{""N"":""96.26""},""hR"":{""N"":""59.1""},""wR"":{""N"":""43.29871""},""hE"":{""N"":""84""},""tR"":{""N"":""95""}}",b4d80488-e0a1-70d1-9d19-5ad55712624e
351077454554331,1783119600,data.qo,"{""tE"":{""N"":""84.74""},""hL"":{""N"":""55.3""},""wL"":{""N"":""77.300156""},""tL"":{""N"":""96.98""},""hR"":{""N"":""60.7""},""wR"":{""N"":""43.368217""},""hE"":{""N"":""86.2""},""tR"":{""N"":""94.28""}}",b4d80488-e0a1-70d1-9d19-5ad55712624e
351077454554331,1783123200,data.qo,"{""tE"":{""N"":""84.02""},""hL"":{""N"":""55.3""},""wL"":{""N"":""77.7761""},""tL"":{""N"":""96.98""},""hR"":{""N"":""61.6""},""wR"":{""N"":""43.515354""},""hE"":{""N"":""87.9""},""tR"":{""N"":""94.46""}}",b4d80488-e0a1-70d1-9d19-5ad55712624e
351077454554331,1783126800,data.qo,"{""tE"":{""N"":""81.5""},""hL"":{""N"":""67.6""},""wL"":{""N"":""77.766045""},""tL"":{""N"":""96.44""},""hR"":{""N"":""72.1""},""wR"":{""N"":""43.37658""},""hE"":{""N"":""89.6""},""tR"":{""N"":""95.72""}}",b4d80488-e0a1-70d1-9d19-5ad55712624e
351077454554331,1783130400,data.qo,"{""tE"":{""N"":""81.5""},""hL"":{""N"":""58.3""},""wL"":{""N"":""77.68212""},""tL"":{""N"":""95""},""hR"":{""N"":""72.1""},""wR"":{""N"":""43.23486""},""hE"":{""N"":""89.6""},""tR"":{""N"":""95.72""}}",b4d80488-e0a1-70d1-9d19-5ad55712624e
351077454554331,1783134000,data.qo,"{""tE"":{""N"":""77""},""hL"":{""N"":""59.3""},""wL"":{""N"":""77.63852""},""tL"":{""N"":""94.28""},""hR"":{""N"":""59.1""},""wR"":{""N"":""43.09993""},""hE"":{""N"":""91.3""},""tR"":{""N"":""93.56""}}",b4d80488-e0a1-70d1-9d19-5ad55712624e
351077454554331,1783137600,data.qo,"{""tE"":{""N"":""75.38""},""hL"":{""N"":""58.2""},""wL"":{""N"":""77.56958""},""tL"":{""N"":""94.28""},""hR"":{""N"":""57.4""},""wR"":{""N"":""42.99807""},""hE"":{""N"":""91.2""},""tR"":{""N"":""93.56""}}",b4d80488-e0a1-70d1-9d19-5ad55712624e
351077454554331,1783142160,data.qo,"{""tE"":{""N"":""73.76""},""hL"":{""N"":""57.8""},""wL"":{""N"":""77.51014""},""tL"":{""N"":""94.64""},""hR"":{""N"":""59.3""},""wR"":{""N"":""42.92144""},""hE"":{""N"":""90.9""},""tR"":{""N"":""93.74""}}",b4d80488-e0a1-70d1-9d19-5ad55712624e
351077454554331,1783144800,data.qo,"{""tE"":{""N"":""72.5""},""hL"":{""N"":""57.2""},""wL"":{""N"":""77.42564""},""tL"":{""N"":""95""},""hR"":{""N"":""56.8""},""wR"":{""N"":""42.85255""},""hE"":{""N"":""91.1""},""tR"":{""N"":""93.92""}}",b4d80488-e0a1-70d1-9d19-5ad55712624e
351077454554331,1783148400,data.qo,"{""tE"":{""N"":""71.78""},""hL"":{""N"":""60.3""},""wL"":{""N"":""77.365005""},""tL"":{""N"":""95""},""hR"":{""N"":""57.2""},""wR"":{""N"":""42.82851""},""hE"":{""N"":""91.4""},""tR"":{""N"":""94.1""}}",b4d80488-e0a1-70d1-9d19-5ad55712624e
351077454554331,1783152000,data.qo,"{""tE"":{""N"":""71.06""},""hL"":{""N"":""55.3""},""wL"":{""N"":""77.32777""},""tL"":{""N"":""94.64""},""hR"":{""N"":""57.5""},""wR"":{""N"":""42.758198""},""hE"":{""N"":""91.1""},""tR"":{""N"":""93.56""}}",b4d80488-e0a1-70d1-9d19-5ad55712624e
351077454554331,1783155600,data.qo,"{""tE"":{""N"":""70.16""},""hL"":{""N"":""59.4""},""wL"":{""N"":""77.26173""},""tL"":{""N"":""95""},""hR"":{""N"":""56.4""},""wR"":{""N"":""42.725224""},""hE"":{""N"":""91.4""},""tR"":{""N"":""93.74""}}",b4d80488-e0a1-70d1-9d19-5ad55712624e
351077454554331,1783159200,data.qo,"{""tE"":{""N"":""69.62""},""hL"":{""N"":""54.5""},""wL"":{""N"":""77.15996""},""tL"":{""N"":""95""},""hR"":{""N"":""56.5""},""wR"":{""N"":""42.69059""},""hE"":{""N"":""91""},""tR"":{""N"":""93.92""}}",b4d80488-e0a1-70d1-9d19-5ad55712624e
351077454554331,1783162800,data.qo,"{""tE"":{""N"":""68.9""},""hL"":{""N"":""52.5""},""wL"":{""N"":""77.05188""},""tL"":{""N"":""95""},""hR"":{""N"":""56.5""},""wR"":{""N"":""42.561935""},""hE"":{""N"":""91""},""tR"":{""N"":""93.92""}}",b4d80488-e0a1-70d1-9d19-5ad55712624e
351077454554331,1783166400,data.qo,"{""tE"":{""N"":""69.08""},""hL"":{""N"":""56.6""},""wL"":{""N"":""76.85348""},""tL"":{""N"":""95""},""hR"":{""N"":""57""},""wR"":{""N"":""42.51381""},""hE"":{""N"":""91.4""},""tR"":{""N"":""94.1""}}",b4d80488-e0a1-70d1-9d19-5ad55712624e
351077454554331,1783170000,data.qo,"{""tE"":{""N"":""69.08""},""hL"":{""N"":""55.7""},""wL"":{""N"":""76.75038""},""tL"":{""N"":""95.18""},""hR"":{""N"":""57.3""},""wR"":{""N"":""42.574146""},""hE"":{""N"":""91.4""},""tR"":{""N"":""94.46""}}",b4d80488-e0a1-70d1-9d19-5ad55712624e
351077454554331,1783173600,data.qo,"{""tE"":{""N"":""74.48""},""hL"":{""N"":""56.3""},""wL"":{""N"":""76.85286""},""tL"":{""N"":""95.54""},""hR"":{""N"":""60.5""},""wR"":{""N"":""42.639328""},""hE"":{""N"":""91.9""},""tR"":{""N"":""94.28""}}",b4d80488-e0a1-70d1-9d19-5ad55712624e
351077454554331,1783177200,data.qo,"{""tE"":{""N"":""78.44""},""hL"":{""N"":""56.5""},""wL"":{""N"":""77.15863""},""tL"":{""N"":""95.72""},""hR"":{""N"":""59.7""},""wR"":{""N"":""42.850506""},""hE"":{""N"":""91.4""},""tR"":{""N"":""93.92""}}",b4d80488-e0a1-70d1-9d19-5ad55712624e
351077454554331,1783180800,data.qo,"{""tE"":{""N"":""82.94""},""hL"":{""N"":""56.5""},""wL"":{""N"":""77.62661""},""tL"":{""N"":""95.72""},""hR"":{""N"":""59.7""},""wR"":{""N"":""43.27082""},""hE"":{""N"":""89.6""},""tR"":{""N"":""93.92""}}",b4d80488-e0a1-70d1-9d19-5ad55712624e
351077454554331,1783184400,data.qo,"{""tE"":{""N"":""89.06""},""hL"":{""N"":""58.2""},""wL"":{""N"":""77.91592""},""tL"":{""N"":""96.26""},""hR"":{""N"":""58.4""},""wR"":{""N"":""43.580345""},""hE"":{""N"":""85.2""},""tR"":{""N"":""93.92""}}",b4d80488-e0a1-70d1-9d19-5ad55712624e
351077454554331,1783188000,data.qo,"{""tE"":{""N"":""88.88""},""hL"":{""N"":""58.5""},""wL"":{""N"":""78.054214""},""tL"":{""N"":""96.08""},""hR"":{""N"":""57.9""},""wR"":{""N"":""43.776608""},""hE"":{""N"":""83.2""},""tR"":{""N"":""93.92""}}",b4d80488-e0a1-70d1-9d19-5ad55712624e
351077454554331,1783191600,data.qo,"{""tE"":{""N"":""86.18""},""hL"":{""N"":""59.7""},""wL"":{""N"":""78.107635""},""tL"":{""N"":""96.08""},""hR"":{""N"":""58.3""},""wR"":{""N"":""43.727386""},""hE"":{""N"":""85""},""tR"":{""N"":""93.92""}}",b4d80488-e0a1-70d1-9d19-5ad55712624e
351077454554331,1783195200,data.qo,"{""tE"":{""N"":""84.74""},""hL"":{""N"":""59.4""},""wL"":{""N"":""78.155075""},""tL"":{""N"":""95.72""},""hR"":{""N"":""55.9""},""wR"":{""N"":""43.855045""},""hE"":{""N"":""83.5""},""tR"":{""N"":""94.1""}}",b4d80488-e0a1-70d1-9d19-5ad55712624e
351077454554331,1783198800,data.qo,"{""tE"":{""N"":""86.54""},""hL"":{""N"":""60.1""},""wL"":{""N"":""78.208786""},""tL"":{""N"":""96.8""},""hR"":{""N"":""61.6""},""wR"":{""N"":""43.943794""},""hE"":{""N"":""86.9""},""tR"":{""N"":""95.36""}}",b4d80488-e0a1-70d1-9d19-5ad55712624e
351077454554331,1783202400,data.qo,"{""tE"":{""N"":""84.02""},""hL"":{""N"":""60.1""},""wL"":{""N"":""78.573906""},""tL"":{""N"":""96.8""},""hR"":{""N"":""62.4""},""wR"":{""N"":""43.892815""},""hE"":{""N"":""86.8""},""tR"":{""N"":""95""}}",b4d80488-e0a1-70d1-9d19-5ad55712624e
351077454554331,1783206000,data.qo,"{""tE"":{""N"":""82.58""},""hL"":{""N"":""58.7""},""wL"":{""N"":""79.05878""},""tL"":{""N"":""95.9""},""hR"":{""N"":""62.4""},""wR"":{""N"":""44.189938""},""hE"":{""N"":""89.3""},""tR"":{""N"":""95""}}",b4d80488-e0a1-70d1-9d19-5ad55712624e
351077454554331,1783209600,data.qo,"{""tE"":{""N"":""80.42""},""hL"":{""N"":""58.8""},""wL"":{""N"":""79.275826""},""tL"":{""N"":""95.72""},""hR"":{""N"":""61.9""},""wR"":{""N"":""44.187897""},""hE"":{""N"":""88.4""},""tR"":{""N"":""94.82""}}",b4d80488-e0a1-70d1-9d19-5ad55712624e
351077454554331,1783213200,data.qo,"{""tE"":{""N"":""78.98""},""hL"":{""N"":""59.3""},""wL"":{""N"":""79.46427""},""tL"":{""N"":""95.54""},""hR"":{""N"":""63.3""},""wR"":{""N"":""44.264812""},""hE"":{""N"":""91.8""},""tR"":{""N"":""93.92""}}",b4d80488-e0a1-70d1-9d19-5ad55712624e
351077454554331,1783216800,data.qo,"{""tE"":{""N"":""76.64""},""hL"":{""N"":""59.3""},""wL"":{""N"":""79.38224""},""tL"":{""N"":""95.54""},""hR"":{""N"":""55.6""},""wR"":{""N"":""44.162716""},""hE"":{""N"":""91.4""},""tR"":{""N"":""93.02""}}",b4d80488-e0a1-70d1-9d19-5ad55712624e
351077454554331,1783220400,data.qo,"{""tE"":{""N"":""74.48""},""hL"":{""N"":""58.9""},""wL"":{""N"":""79.315445""},""tL"":{""N"":""95.72""},""hR"":{""N"":""62.7""},""wR"":{""N"":""44.117867""},""hE"":{""N"":""92.3""},""tR"":{""N"":""93.92""}}",b4d80488-e0a1-70d1-9d19-5ad55712624e
351077454554331,1783224000,data.qo,"{""tE"":{""N"":""73.58""},""hL"":{""N"":""58.9""},""wL"":{""N"":""79.228195""},""tL"":{""N"":""95.72""},""hR"":{""N"":""59.2""},""wR"":{""N"":""44.036674""},""hE"":{""N"":""92.8""},""tR"":{""N"":""94.1""}}",b4d80488-e0a1-70d1-9d19-5ad55712624e
351077454554331,1783227600,data.qo,"{""tE"":{""N"":""73.22""},""hL"":{""N"":""59.2""},""wL"":{""N"":""79.061714""},""tL"":{""N"":""95.18""},""hR"":{""N"":""60.2""},""wR"":{""N"":""43.938946""},""hE"":{""N"":""93.5""},""tR"":{""N"":""94.28""}}",b4d80488-e0a1-70d1-9d19-5ad55712624e
351077454554331,1783231200,data.qo,"{""tE"":{""N"":""73.58""},""hL"":{""N"":""58.3""},""wL"":{""N"":""79.08634""},""tL"":{""N"":""95.36""},""hR"":{""N"":""58.4""},""wR"":{""N"":""43.91467""},""hE"":{""N"":""93.9""},""tR"":{""N"":""93.56""}}",b4d80488-e0a1-70d1-9d19-5ad55712624e
351077454554331,1783234800,data.qo,"{""tE"":{""N"":""72.5""},""hL"":{""N"":""55.8""},""wL"":{""N"":""79.01532""},""tL"":{""N"":""95.18""},""hR"":{""N"":""56.8""},""wR"":{""N"":""43.888065""},""hE"":{""N"":""92.6""},""tR"":{""N"":""93.74""}}",b4d80488-e0a1-70d1-9d19-5ad55712624e
351077454554331,1783238400,data.qo,"{""tE"":{""N"":""70.52""},""hL"":{""N"":""56.8""},""wL"":{""N"":""78.91687""},""tL"":{""N"":""95.18""},""hR"":{""N"":""53.3""},""wR"":{""N"":""43.838608""},""hE"":{""N"":""92.3""},""tR"":{""N"":""93.74""}}",b4d80488-e0a1-70d1-9d19-5ad55712624e
351077454554331,1783242000,data.qo,"{""tE"":{""N"":""69.26""},""hL"":{""N"":""56.8""},""wL"":{""N"":""78.82768""},""tL"":{""N"":""95.18""},""hR"":{""N"":""57.6""},""wR"":{""N"":""43.801075""},""hE"":{""N"":""92.3""},""tR"":{""N"":""93.74""}}",b4d80488-e0a1-70d1-9d19-5ad55712624e
351077454554331,1783245600,data.qo,"{""tE"":{""N"":""68.18""},""hL"":{""N"":""57.6""},""wL"":{""N"":""78.73782""},""tL"":{""N"":""95.18""},""hR"":{""N"":""63.4""},""wR"":{""N"":""43.716034""},""hE"":{""N"":""92.4""},""tR"":{""N"":""93.92""}}",b4d80488-e0a1-70d1-9d19-5ad55712624e
351077454554331,1783249200,data.qo,"{""tE"":{""N"":""67.46""},""hL"":{""N"":""54.7""},""wL"":{""N"":""78.63682""},""tL"":{""N"":""95.18""},""hR"":{""N"":""54.1""},""wR"":{""N"":""43.617737""},""hE"":{""N"":""92.9""},""tR"":{""N"":""93.92""}}",b4d80488-e0a1-70d1-9d19-5ad55712624e
351077454554331,1783252800,data.qo,"{""tE"":{""N"":""67.82""},""hL"":{""N"":""56""},""wL"":{""N"":""78.36335""},""tL"":{""N"":""95.36""},""hR"":{""N"":""56.1""},""wR"":{""N"":""43.51844""},""hE"":{""N"":""93.4""},""tR"":{""N"":""93.92""}}",b4d80488-e0a1-70d1-9d19-5ad55712624e
351077454554331,1783256400,data.qo,"{""tE"":{""N"":""70.34""},""hL"":{""N"":""54""},""wL"":{""N"":""78.345375""},""tL"":{""N"":""95.36""},""hR"":{""N"":""57.1""},""wR"":{""N"":""43.569942""},""hE"":{""N"":""93.7""},""tR"":{""N"":""94.28""}}",b4d80488-e0a1-70d1-9d19-5ad55712624e
351077454554331,1783260000,data.qo,"{""tE"":{""N"":""73.58""},""hL"":{""N"":""55.1""},""wL"":{""N"":""78.3021""},""tL"":{""N"":""95.54""},""hR"":{""N"":""55.8""},""wR"":{""N"":""43.57308""},""hE"":{""N"":""93.5""},""tR"":{""N"":""94.28""}}",b4d80488-e0a1-70d1-9d19-5ad55712624e
351077454554331,1783263600,data.qo,"{""tE"":{""N"":""78.08""},""hL"":{""N"":""56.3""},""wL"":{""N"":""78.46052""},""tL"":{""N"":""95.54""},""hR"":{""N"":""57.1""},""wR"":{""N"":""43.773758""},""hE"":{""N"":""92.9""},""tR"":{""N"":""94.1""}}",b4d80488-e0a1-70d1-9d19-5ad55712624e
351077454554331,1783267200,data.qo,"{""tE"":{""N"":""80.24""},""hL"":{""N"":""56.4""},""wL"":{""N"":""78.75898""},""tL"":{""N"":""95.9""},""hR"":{""N"":""60.2""},""wR"":{""N"":""44.087082""},""hE"":{""N"":""92.7""},""tR"":{""N"":""94.1""}}",b4d80488-e0a1-70d1-9d19-5ad55712624e
351077454554331,1783270800,data.qo,"{""tE"":{""N"":""82.04""},""hL"":{""N"":""58""},""wL"":{""N"":""79.04312""},""tL"":{""N"":""95.72""},""hR"":{""N"":""56.4""},""wR"":{""N"":""44.406773""},""hE"":{""N"":""89.4""},""tR"":{""N"":""93.56""}}",b4d80488-e0a1-70d1-9d19-5ad55712624e
351077454554331,1783274400,data.qo,"{""tE"":{""N"":""85.1""},""hL"":{""N"":""58.1""},""wL"":{""N"":""79.19593""},""tL"":{""N"":""95.72""},""hR"":{""N"":""55.7""},""wR"":{""N"":""44.56189""},""hE"":{""N"":""87.2""},""tR"":{""N"":""94.1""}}",b4d80488-e0a1-70d1-9d19-5ad55712624e
351077454554331,1783278000,data.qo,"{""tE"":{""N"":""82.58""},""hL"":{""N"":""58.4""},""wL"":{""N"":""79.44041""},""tL"":{""N"":""95.54""},""hR"":{""N"":""58.9""},""wR"":{""N"":""44.7124""},""hE"":{""N"":""91.4""},""tR"":{""N"":""94.28""}}",b4d80488-e0a1-70d1-9d19-5ad55712624e
351077454554331,1783281600,data.qo,"{""tE"":{""N"":""90.5""},""hL"":{""N"":""59""},""wL"":{""N"":""79.34068""},""tL"":{""N"":""95.9""},""hR"":{""N"":""59.6""},""wR"":{""N"":""44.819294""},""hE"":{""N"":""85.2""},""tR"":{""N"":""93.92""}}",b4d80488-e0a1-70d1-9d19-5ad55712624e
351077454554331,1783285200,data.qo,"{""tE"":{""N"":""88.88""},""hL"":{""N"":""58.9""},""wL"":{""N"":""79.46645""},""tL"":{""N"":""96.26""},""hR"":{""N"":""56.4""},""wR"":{""N"":""44.967525""},""hE"":{""N"":""86""},""tR"":{""N"":""94.46""}}",b4d80488-e0a1-70d1-9d19-5ad55712624e
351077454554331,1783288800,data.qo,"{""tE"":{""N"":""85.46""},""hL"":{""N"":""58.9""},""wL"":{""N"":""79.88651""},""tL"":{""N"":""96.26""},""hR"":{""N"":""57.9""},""wR"":{""N"":""45.154236""},""hE"":{""N"":""88.4""},""tR"":{""N"":""93.92""}}",b4d80488-e0a1-70d1-9d19-5ad55712624e
351077454554331,1783292400,data.qo,"{""tE"":{""N"":""82.58""},""hL"":{""N"":""59.1""},""wL"":{""N"":""80.220894""},""tL"":{""N"":""95.54""},""hR"":{""N"":""57.9""},""wR"":{""N"":""45.220417""},""hE"":{""N"":""90.3""},""tR"":{""N"":""93.92""}}",b4d80488-e0a1-70d1-9d19-5ad55712624e
351077454554331,1783296000,data.qo,"{""tE"":{""N"":""79.7""},""hL"":{""N"":""50.2""},""wL"":{""N"":""80.770004""},""tL"":{""N"":""102.56""},""hR"":{""N"":""61.3""},""wR"":{""N"":""45.447083""},""hE"":{""N"":""94.2""},""tR"":{""N"":""94.28""}}",b4d80488-e0a1-70d1-9d19-5ad55712624e
351077454554331,1783299600,data.qo,"{""tE"":{""N"":""78.8""},""hL"":{""N"":""57.7""},""wL"":{""N"":""80.93098""},""tL"":{""N"":""95.36""},""hR"":{""N"":""60.5""},""wR"":{""N"":""45.46737""},""hE"":{""N"":""93.2""},""tR"":{""N"":""93.92""}}",b4d80488-e0a1-70d1-9d19-5ad55712624e
351077454554331,1783306800,data.qo,"{""tE"":{""N"":""74.48""},""hL"":{""N"":""62.6""},""wL"":{""N"":""80.7125""},""tL"":{""N"":""95.54""},""hR"":{""N"":""64.3""},""wR"":{""N"":""45.27363""},""hE"":{""N"":""92.9""},""tR"":{""N"":""94.28""}}",b4d80488-e0a1-70d1-9d19-5ad55712624e
351077454554331,1783310400,data.qo,"{""tE"":{""N"":""72.86""},""hL"":{""N"":""62.6""},""wL"":{""N"":""80.67313""},""tL"":{""N"":""95.54""},""hR"":{""N"":""60.1""},""wR"":{""N"":""45.242035""},""hE"":{""N"":""92.3""},""tR"":{""N"":""94.46""}}",b4d80488-e0a1-70d1-9d19-5ad55712624e
351077454554331,1783316160,data.qo,"{""tE"":{""N"":""71.42""},""hL"":{""N"":""57.7""},""wL"":{""N"":""80.582794""},""tL"":{""N"":""95.54""},""hR"":{""N"":""63.3""},""wR"":{""N"":""45.1759""},""hE"":{""N"":""92.1""},""tR"":{""N"":""94.1""}}",b4d80488-e0a1-70d1-9d19-5ad55712624e
351077454554331,1783317600,data.qo,"{""tE"":{""N"":""70.16""},""hL"":{""N"":""57""},""wL"":{""N"":""80.532974""},""tL"":{""N"":""95.18""},""hR"":{""N"":""58.2""},""wR"":{""N"":""45.140648""},""hE"":{""N"":""92""},""tR"":{""N"":""93.92""}}",b4d80488-e0a1-70d1-9d19-5ad55712624e
351077454554331,1783321200,data.qo,"{""tE"":{""N"":""69.8""},""hL"":{""N"":""57.2""},""wL"":{""N"":""80.46214""},""tL"":{""N"":""95.18""},""hR"":{""N"":""58.7""},""wR"":{""N"":""45.087105""},""hE"":{""N"":""91.9""},""tR"":{""N"":""93.92""}}",b4d80488-e0a1-70d1-9d19-5ad55712624e
351077454554331,1783324800,data.qo,"{""tE"":{""N"":""68.54""},""hL"":{""N"":""56""},""wL"":{""N"":""80.358246""},""tL"":{""N"":""95.18""},""hR"":{""N"":""58.5""},""wR"":{""N"":""45.008717""},""hE"":{""N"":""92.2""},""tR"":{""N"":""93.74""}}",b4d80488-e0a1-70d1-9d19-5ad55712624e
351077454554331,1783328400,data.qo,"{""tE"":{""N"":""67.82""},""hL"":{""N"":""57.1""},""wL"":{""N"":""80.282524""},""tL"":{""N"":""95.18""},""hR"":{""N"":""57.4""},""wR"":{""N"":""44.989807""},""hE"":{""N"":""92.2""},""tR"":{""N"":""94.1""}}",b4d80488-e0a1-70d1-9d19-5ad55712624e
351077454554331,1783332000,data.qo,"{""tE"":{""N"":""67.28""},""hL"":{""N"":""54.7""},""wL"":{""N"":""80.19148""},""tL"":{""N"":""95.18""},""hR"":{""N"":""58.2""},""wR"":{""N"":""44.887375""},""hE"":{""N"":""91.9""},""tR"":{""N"":""93.74""}}",b4d80488-e0a1-70d1-9d19-5ad55712624e
351077454554331,1783335600,data.qo,"{""tE"":{""N"":""67.1""},""hL"":{""N"":""54""},""wL"":{""N"":""80.05698""},""tL"":{""N"":""95""},""hR"":{""N"":""59.5""},""wR"":{""N"":""44.746037""},""hE"":{""N"":""92.2""},""tR"":{""N"":""94.1""}}",b4d80488-e0a1-70d1-9d19-5ad55712624e
351077454554331,1783339200,data.qo,"{""tE"":{""N"":""68.18""},""hL"":{""N"":""53.3""},""wL"":{""N"":""79.91963""},""tL"":{""N"":""95.36""},""hR"":{""N"":""57.8""},""wR"":{""N"":""44.71677""},""hE"":{""N"":""92.8""},""tR"":{""N"":""94.28""}}",b4d80488-e0a1-70d1-9d19-5ad55712624e
351077454554331,1783342800,data.qo,"{""tE"":{""N"":""69.26""},""hL"":{""N"":""54.1""},""wL"":{""N"":""79.86251""},""tL"":{""N"":""95.36""},""hR"":{""N"":""55.5""},""wR"":{""N"":""44.695393""},""hE"":{""N"":""92.8""},""tR"":{""N"":""94.46""}}",b4d80488-e0a1-70d1-9d19-5ad55712624e
351077454554331,1783346400,data.qo,"{""tE"":{""N"":""70.7""},""hL"":{""N"":""52.9""},""wL"":{""N"":""79.82423""},""tL"":{""N"":""95.54""},""hR"":{""N"":""59.3""},""wR"":{""N"":""44.713017""},""hE"":{""N"":""92.8""},""tR"":{""N"":""94.46""}}",b4d80488-e0a1-70d1-9d19-5ad55712624e
351077454554331,1783350000,data.qo,"{""tE"":{""N"":""73.04""},""hL"":{""N"":""53.2""},""wL"":{""N"":""79.860374""},""tL"":{""N"":""95.9""},""hR"":{""N"":""59.3""},""wR"":{""N"":""44.81217""},""hE"":{""N"":""93.1""},""tR"":{""N"":""94.46""}}",b4d80488-e0a1-70d1-9d19-5ad55712624e
351077454554331,1783353600,data.qo,"{""tE"":{""N"":""73.4""},""hL"":{""N"":""54.5""},""wL"":{""N"":""79.73351""},""tL"":{""N"":""95.54""},""hR"":{""N"":""57""},""wR"":{""N"":""44.71335""},""hE"":{""N"":""93.4""},""tR"":{""N"":""93.92""}}",b4d80488-e0a1-70d1-9d19-5ad55712624e
351077454554331,1783357200,data.qo,"{""tE"":{""N"":""77.36""},""hL"":{""N"":""58.1""},""wL"":{""N"":""79.98496""},""tL"":{""N"":""95.18""},""hR"":{""N"":""59.9""},""wR"":{""N"":""44.919304""},""hE"":{""N"":""94.7""},""tR"":{""N"":""94.1""}}",b4d80488-e0a1-70d1-9d19-5ad55712624e
351077454554331,1783360800,data.qo,"{""tE"":{""N"":""82.94""},""hL"":{""N"":""56""},""wL"":{""N"":""80.293816""},""tL"":{""N"":""95.72""},""hR"":{""N"":""57.7""},""wR"":{""N"":""45.112095""},""hE"":{""N"":""91.4""},""tR"":{""N"":""93.92""}}",b4d80488-e0a1-70d1-9d19-5ad55712624e
351077454554331,1783364400,data.qo,"{""tE"":{""N"":""87.44""},""hL"":{""N"":""57.9""},""wL"":{""N"":""80.61372""},""tL"":{""N"":""95.9""},""hR"":{""N"":""54.1""},""wR"":{""N"":""45.504807""},""hE"":{""N"":""89.1""},""tR"":{""N"":""93.92""}}",b4d80488-e0a1-70d1-9d19-5ad55712624e
351077454554331,1783368000,data.qo,"{""tE"":{""N"":""89.6""},""hL"":{""N"":""58.7""},""wL"":{""N"":""80.78599""},""tL"":{""N"":""96.08""},""hR"":{""N"":""59.5""},""wR"":{""N"":""45.797894""},""hE"":{""N"":""85.5""},""tR"":{""N"":""94.1""}}",b4d80488-e0a1-70d1-9d19-5ad55712624e
351077454554331,1783371600,data.qo,"{""tE"":{""N"":""78.62""},""hL"":{""N"":""59.6""},""wL"":{""N"":""80.97619""},""tL"":{""N"":""96.08""},""hR"":{""N"":""59.5""},""wR"":{""N"":""45.99164""},""hE"":{""N"":""86.6""},""tR"":{""N"":""94.1""}}",b4d80488-e0a1-70d1-9d19-5ad55712624e
351077454554331,1783375200,data.qo,"{""tE"":{""N"":""73.58""},""hL"":{""N"":""56.8""},""wL"":{""N"":""80.83035""},""tL"":{""N"":""95.54""},""hR"":{""N"":""60.5""},""wR"":{""N"":""45.735752""},""hE"":{""N"":""89.5""},""tR"":{""N"":""94.1""}}",b4d80488-e0a1-70d1-9d19-5ad55712624e
351077454554331,1783378800,data.qo,"{""tE"":{""N"":""70.88""},""hL"":{""N"":""58.6""},""wL"":{""N"":""80.94744""},""tL"":{""N"":""95""},""hR"":{""N"":""60""},""wR"":{""N"":""45.68715""},""hE"":{""N"":""94.6""},""tR"":{""N"":""94.1""}}",b4d80488-e0a1-70d1-9d19-5ad55712624e
351077454554331,1783382400,data.qo,"{""tE"":{""N"":""71.6""},""hL"":{""N"":""57.1""},""wL"":{""N"":""80.77726""},""tL"":{""N"":""95""},""hR"":{""N"":""59""},""wR"":{""N"":""45.617928""},""hE"":{""N"":""95.7""},""tR"":{""N"":""93.56""}}",b4d80488-e0a1-70d1-9d19-5ad55712624e
351077454554331,1783386000,data.qo,"{""tE"":{""N"":""72.14""},""hL"":{""N"":""55.5""},""wL"":{""N"":""80.75848""},""tL"":{""N"":""94.82""},""hR"":{""N"":""62.2""},""wR"":{""N"":""45.572983""},""hE"":{""N"":""95.6""},""tR"":{""N"":""93.92""}}",b4d80488-e0a1-70d1-9d19-5ad55712624e
351077454554331,1783389600,data.qo,"{""tE"":{""N"":""71.06""},""hL"":{""N"":""54.7""},""wL"":{""N"":""80.658134""},""tL"":{""N"":""94.82""},""hR"":{""N"":""60.2""},""wR"":{""N"":""45.523243""},""hE"":{""N"":""95.3""},""tR"":{""N"":""93.92""}}",b4d80488-e0a1-70d1-9d19-5ad55712624e
351077454554331,1783393200,data.qo,"{""tE"":{""N"":""70.7""},""hL"":{""N"":""58.3""},""wL"":{""N"":""80.69869""},""tL"":{""N"":""95.36""},""hR"":{""N"":""64.1""},""wR"":{""N"":""45.53588""},""hE"":{""N"":""95.5""},""tR"":{""N"":""94.28""}}",b4d80488-e0a1-70d1-9d19-5ad55712624e
351077454554331,1783396800,data.qo,"{""tE"":{""N"":""70.52""},""hL"":{""N"":""56""},""wL"":{""N"":""80.62183""},""tL"":{""N"":""95.18""},""hR"":{""N"":""61.6""},""wR"":{""N"":""45.502575""},""hE"":{""N"":""95.7""},""tR"":{""N"":""94.46""}}",b4d80488-e0a1-70d1-9d19-5ad55712624e
351077454554331,1783400400,data.qo,"{""tE"":{""N"":""69.98""},""hL"":{""N"":""54.3""},""wL"":{""N"":""80.65547""},""tL"":{""N"":""95.18""},""hR"":{""N"":""60.2""},""wR"":{""N"":""45.479675""},""hE"":{""N"":""95.4""},""tR"":{""N"":""93.92""}}",b4d80488-e0a1-70d1-9d19-5ad55712624e
351077454554331,1783404000,data.qo,"{""tE"":{""N"":""69.8""},""hL"":{""N"":""55.4""},""wL"":{""N"":""80.6273""},""tL"":{""N"":""95.54""},""hR"":{""N"":""61.8""},""wR"":{""N"":""45.43777""},""hE"":{""N"":""95.2""},""tR"":{""N"":""94.1""}}",b4d80488-e0a1-70d1-9d19-5ad55712624e
351077454554331,1783407600,data.qo,"{""tE"":{""N"":""69.08""},""hL"":{""N"":""55.5""},""wL"":{""N"":""80.61543""},""tL"":{""N"":""95.36""},""hR"":{""N"":""59.5""},""wR"":{""N"":""45.40751""},""hE"":{""N"":""95.5""},""tR"":{""N"":""94.1""}}",b4d80488-e0a1-70d1-9d19-5ad55712624e
351077454554331,1783411200,data.qo,"{""tE"":{""N"":""68.54""},""hL"":{""N"":""54.9""},""wL"":{""N"":""80.587105""},""tL"":{""N"":""95.36""},""hR"":{""N"":""59.7""},""wR"":{""N"":""45.3771""},""hE"":{""N"":""95.4""},""tR"":{""N"":""93.92""}}",b4d80488-e0a1-70d1-9d19-5ad55712624e
351077454554331,1783414800,data.qo,"{""tE"":{""N"":""68.36""},""hL"":{""N"":""55.4""},""wL"":{""N"":""80.53459""},""tL"":{""N"":""95.54""},""hR"":{""N"":""58.4""},""wR"":{""N"":""45.380905""},""hE"":{""N"":""95.7""},""tR"":{""N"":""94.28""}}",b4d80488-e0a1-70d1-9d19-5ad55712624e
351077454554331,1783418400,data.qo,"{""tE"":{""N"":""67.28""},""hL"":{""N"":""54""},""wL"":{""N"":""80.51272""},""tL"":{""N"":""95.18""},""hR"":{""N"":""52.6""},""wR"":{""N"":""45.335293""},""hE"":{""N"":""95.1""},""tR"":{""N"":""94.28""}}",b4d80488-e0a1-70d1-9d19-5ad55712624e
351077454554331,1783422000,data.qo,"{""tE"":{""N"":""66.56""},""hL"":{""N"":""53.1""},""wL"":{""N"":""80.46238""},""tL"":{""N"":""95.36""},""hR"":{""N"":""58.8""},""wR"":{""N"":""45.282368""},""hE"":{""N"":""95""},""tR"":{""N"":""94.28""}}",b4d80488-e0a1-70d1-9d19-5ad55712624e
351077454554331,1783425600,data.qo,"{""tE"":{""N"":""66.74""},""hL"":{""N"":""53.7""},""wL"":{""N"":""80.31037""},""tL"":{""N"":""95.36""},""hR"":{""N"":""59.8""},""wR"":{""N"":""45.188824""},""hE"":{""N"":""95.4""},""tR"":{""N"":""94.1""}}",b4d80488-e0a1-70d1-9d19-5ad55712624e
351077454554331,1783429200,data.qo,"{""tE"":{""N"":""68""},""hL"":{""N"":""53.5""},""wL"":{""N"":""80.168564""},""tL"":{""N"":""95.54""},""hR"":{""N"":""60.7""},""wR"":{""N"":""45.019833""},""hE"":{""N"":""96""},""tR"":{""N"":""94.1""}}",b4d80488-e0a1-70d1-9d19-5ad55712624e
351077454554331,1783432800,data.qo,"{""tE"":{""N"":""71.24""},""hL"":{""N"":""53""},""wL"":{""N"":""80.11903""},""tL"":{""N"":""95.54""},""hR"":{""N"":""57.6""},""wR"":{""N"":""44.853123""},""hE"":{""N"":""95.9""},""tR"":{""N"":""94.46""}}",b4d80488-e0a1-70d1-9d19-5ad55712624e
351077454554331,1783436400,data.qo,"{""tE"":{""N"":""74.48""},""hL"":{""N"":""55""},""wL"":{""N"":""80.059494""},""tL"":{""N"":""95.72""},""hR"":{""N"":""62.6""},""wR"":{""N"":""44.825806""},""hE"":{""N"":""96.1""},""tR"":{""N"":""94.64""}}",b4d80488-e0a1-70d1-9d19-5ad55712624e
351077454554331,1783440000,data.qo,"{""tE"":{""N"":""77.36""},""hL"":{""N"":""53.2""},""wL"":{""N"":""80.1744""},""tL"":{""N"":""95.54""},""hR"":{""N"":""57.4""},""wR"":{""N"":""44.965626""},""hE"":{""N"":""95.4""},""tR"":{""N"":""94.64""}}",b4d80488-e0a1-70d1-9d19-5ad55712624e
351077454554331,1783443600,data.qo,"{""tE"":{""N"":""79.7""},""hL"":{""N"":""56.6""},""wL"":{""N"":""80.42912""},""tL"":{""N"":""95.72""},""hR"":{""N"":""58.4""},""wR"":{""N"":""45.326126""},""hE"":{""N"":""93.2""},""tR"":{""N"":""94.64""}}",b4d80488-e0a1-70d1-9d19-5ad55712624e
351077454554331,1783447200,data.qo,"{""tE"":{""N"":""84.56""},""hL"":{""N"":""54""},""wL"":{""N"":""80.69537""},""tL"":{""N"":""95.54""},""hR"":{""N"":""63.4""},""wR"":{""N"":""45.533173""},""hE"":{""N"":""90.2""},""tR"":{""N"":""94.64""}}",b4d80488-e0a1-70d1-9d19-5ad55712624e
351077454554331,1783450800,data.qo,"{""tE"":{""N"":""85.1""},""hL"":{""N"":""59.4""},""wL"":{""N"":""80.78793""},""tL"":{""N"":""95.54""},""hR"":{""N"":""64.1""},""wR"":{""N"":""45.736275""},""hE"":{""N"":""91.4""},""tR"":{""N"":""94.64""}}",b4d80488-e0a1-70d1-9d19-5ad55712624e
351077454554331,1783454400,data.qo,"{""tE"":{""N"":""84.02""},""hL"":{""N"":""57.8""},""wL"":{""N"":""80.761604""},""tL"":{""N"":""95.72""},""hR"":{""N"":""60.9""},""wR"":{""N"":""46.121338""},""hE"":{""N"":""90.6""},""tR"":{""N"":""94.28""}}",b4d80488-e0a1-70d1-9d19-5ad55712624e
351077454554331,1783458000,data.qo,"{""tE"":{""N"":""87.8""},""hL"":{""N"":""60.1""},""wL"":{""N"":""80.8888""},""tL"":{""N"":""96.08""},""hR"":{""N"":""55.9""},""wR"":{""N"":""46.27717""},""hE"":{""N"":""87.7""},""tR"":{""N"":""94.46""}}",b4d80488-e0a1-70d1-9d19-5ad55712624e
351077454554331,1783461600,data.qo,"{""tE"":{""N"":""81.5""},""hL"":{""N"":""60.5""},""wL"":{""N"":""81.44673""},""tL"":{""N"":""95.72""},""hR"":{""N"":""62.7""},""wR"":{""N"":""46.68684""},""hE"":{""N"":""92.8""},""tR"":{""N"":""94.46""}}",b4d80488-e0a1-70d1-9d19-5ad55712624e
351077454554331,1783465200,data.qo,"{""tE"":{""N"":""80.24""},""hL"":{""N"":""61.9""},""wL"":{""N"":""81.92885""},""tL"":{""N"":""95.54""},""hR"":{""N"":""61.1""},""wR"":{""N"":""47.011852""},""hE"":{""N"":""94.9""},""tR"":{""N"":""94.1""}}",b4d80488-e0a1-70d1-9d19-5ad55712624e
351077454554331,1783468800,data.qo,"{""tE"":{""N"":""80.06""},""hL"":{""N"":""62.9""},""wL"":{""N"":""82.58318""},""tL"":{""N"":""95""},""hR"":{""N"":""63""},""wR"":{""N"":""47.408745""},""hE"":{""N"":""95.3""},""tR"":{""N"":""93.92""}}",b4d80488-e0a1-70d1-9d19-5ad55712624e
351077454554331,1783472400,data.qo,"{""tE"":{""N"":""79.52""},""hL"":{""N"":""62.1""},""wL"":{""N"":""82.911156""},""tL"":{""N"":""95""},""hR"":{""N"":""62.5""},""wR"":{""N"":""47.525333""},""hE"":{""N"":""95.1""},""tR"":{""N"":""93.56""}}",b4d80488-e0a1-70d1-9d19-5ad55712624e
351077454554331,1783476000,data.qo,"{""tE"":{""N"":""76.46""},""hL"":{""N"":""60.1""},""wL"":{""N"":""82.80702""},""tL"":{""N"":""94.64""},""hR"":{""N"":""63""},""wR"":{""N"":""47.410362""},""hE"":{""N"":""96""},""tR"":{""N"":""93.38""}}",b4d80488-e0a1-70d1-9d19-5ad55712624e
351077454554331,1783479600,data.qo,"{""tE"":{""N"":""75.02""},""hL"":{""N"":""61.2""},""wL"":{""N"":""82.744156""},""tL"":{""N"":""94.64""},""hR"":{""N"":""66.8""},""wR"":{""N"":""47.328217""},""hE"":{""N"":""97.3""},""tR"":{""N"":""93.92""}}",b4d80488-e0a1-70d1-9d19-5ad55712624e
351077454554331,1783483200,data.qo,"{""tE"":{""N"":""73.94""},""hL"":{""N"":""60.8""},""wL"":{""N"":""82.6767""},""tL"":{""N"":""94.82""},""hR"":{""N"":""64.9""},""wR"":{""N"":""47.26104""},""hE"":{""N"":""96.9""},""tR"":{""N"":""93.74""}}",b4d80488-e0a1-70d1-9d19-5ad55712624e
351077454554331,1783487940,data.qo,"{""tE"":{""N"":""72.5""},""hL"":{""N"":""63.8""},""wL"":{""N"":""82.59324""},""tL"":{""N"":""94.82""},""hR"":{""N"":""53""},""wR"":{""N"":""47.180843""},""hE"":{""N"":""96.9""},""tR"":{""N"":""93.2""}}",b4d80488-e0a1-70d1-9d19-5ad55712624e
351077454554331,1783490400,data.qo,"{""tE"":{""N"":""71.42""},""hL"":{""N"":""61.4""},""wL"":{""N"":""82.55837""},""tL"":{""N"":""94.46""},""hR"":{""N"":""60.5""},""wR"":{""N"":""47.126587""},""hE"":{""N"":""96.7""},""tR"":{""N"":""93.56""}}",b4d80488-e0a1-70d1-9d19-5ad55712624e
351077454554331,1783494000,data.qo,"{""tE"":{""N"":""70.88""},""hL"":{""N"":""61.4""},""wL"":{""N"":""82.46747""},""tL"":{""N"":""94.46""},""hR"":{""N"":""63.3""},""wR"":{""N"":""47.060123""},""hE"":{""N"":""96.7""},""tR"":{""N"":""93.56""}}",b4d80488-e0a1-70d1-9d19-5ad55712624e
351077454554331,1783497600,data.qo,"{""tR"":{""N"":""93.2""},""wL"":{""N"":""82.4029""},""hL"":{""N"":""59.3""},""hR"":{""N"":""59.8""},""tE"":{""N"":""69.98""},""wR"":{""N"":""46.95836""},""hE"":{""N"":""96.8""},""tL"":{""N"":""94.64""}}",b4d80488-e0a1-70d1-9d19-5ad55712624e
351077454554331,1783501200,data.qo,"{""tE"":{""N"":""69.44""},""hL"":{""N"":""60.1""},""wL"":{""N"":""82.31575""},""tL"":{""N"":""94.64""},""hR"":{""N"":""61.9""},""wR"":{""N"":""46.921017""},""hE"":{""N"":""96.3""},""tR"":{""N"":""93.56""}}",b4d80488-e0a1-70d1-9d19-5ad55712624e
351077454554331,1783504800,data.qo,"{""tE"":{""N"":""68.9""},""hL"":{""N"":""59.4""},""wL"":{""N"":""82.250084""},""tL"":{""N"":""94.64""},""hR"":{""N"":""60.3""},""wR"":{""N"":""46.77079""},""hE"":{""N"":""96.3""},""tR"":{""N"":""93.38""}}",b4d80488-e0a1-70d1-9d19-5ad55712624e
351077454554331,1783508400,data.qo,"{""tE"":{""N"":""68.18""},""hL"":{""N"":""56.2""},""wL"":{""N"":""82.145615""},""tL"":{""N"":""94.28""},""hR"":{""N"":""60.5""},""wR"":{""N"":""46.666744""},""hE"":{""N"":""96.4""},""tR"":{""N"":""93.2""}}",b4d80488-e0a1-70d1-9d19-5ad55712624e
351077454554331,1783512000,data.qo,"{""tE"":{""N"":""68.36""},""hL"":{""N"":""56.8""},""wL"":{""N"":""81.90641""},""tL"":{""N"":""94.28""},""hR"":{""N"":""51.9""},""wR"":{""N"":""46.473763""},""hE"":{""N"":""96.4""},""tR"":{""N"":""93.02""}}",b4d80488-e0a1-70d1-9d19-5ad55712624e
351077454554331,1783515600,data.qo,"{""tE"":{""N"":""71.06""},""hL"":{""N"":""57.4""},""wL"":{""N"":""81.76916""},""tL"":{""N"":""94.82""},""hR"":{""N"":""57.7""},""wR"":{""N"":""46.36069""},""hE"":{""N"":""97.8""},""tR"":{""N"":""93.74""}}",b4d80488-e0a1-70d1-9d19-5ad55712624e
351077454554331,1783519200,data.qo,"{""tE"":{""N"":""74.3""},""hL"":{""N"":""58.4""},""wL"":{""N"":""81.71403""},""tL"":{""N"":""95.36""},""hR"":{""N"":""58.7""},""wR"":{""N"":""46.350807""},""hE"":{""N"":""97.6""},""tR"":{""N"":""93.92""}}",b4d80488-e0a1-70d1-9d19-5ad55712624e
351077454554331,1783522800,data.qo,"{""tE"":{""N"":""78.98""},""hL"":{""N"":""58.4""},""wL"":{""N"":""81.78946""},""tL"":{""N"":""95.36""},""hR"":{""N"":""63.8""},""wR"":{""N"":""46.48925""},""hE"":{""N"":""96.4""},""tR"":{""N"":""94.64""}}",b4d80488-e0a1-70d1-9d19-5ad55712624e
